{
  "config": {
    "seeds": [
      42,
      123,
      777
    ],
    "episodes": 200,
    "epochs": 30,
    "environment": "push-t",
    "dims": [
      1,
      2,
      3
    ]
  },
  "prescribed_dim1_seed42": {
    "best_val_loss": 3.286524161650736e-06,
    "best_epoch": 25,
    "time": 223.0
  },
  "free_dim1_seed42": {
    "best_val_loss": 0.001265677967386549,
    "best_epoch": 27,
    "time": 565.6
  },
  "prescribed_dim1_seed123": {
    "best_val_loss": 2.0362546660691263e-06,
    "best_epoch": 19,
    "time": 190.8
  },
  "free_dim1_seed123": {
    "best_val_loss": 0.003839293501356192,
    "best_epoch": 13,
    "time": 799.5
  },
  "prescribed_dim1_seed777": {
    "best_val_loss": 2.14228950522068e-06,
    "best_epoch": 26,
    "time": 185.8
  },
  "free_dim1_seed777": {
    "best_val_loss": 0.0024842815081539908,
    "best_epoch": 29,
    "time": 620.8
  },
  "prescribed_dim2_seed42": {
    "best_val_loss": 6.041851202896571e-06,
    "best_epoch": 29,
    "time": 184.5
  },
  "free_dim2_seed42": {
    "best_val_loss": 0.00917133898719361,
    "best_epoch": 30,
    "time": 529.6
  },
  "prescribed_dim2_seed123": {
    "best_val_loss": 3.880033370494443e-06,
    "best_epoch": 24,
    "time": 181.8
  },
  "free_dim2_seed123": {
    "best_val_loss": 0.00874568013833803,
    "best_epoch": 30,
    "time": 521.3
  },
  "prescribed_dim2_seed777": {
    "best_val_loss": 4.060664953118376e-06,
    "best_epoch": 29,
    "time": 181.2
  },
  "free_dim2_seed777": {
    "best_val_loss": 0.007120419506048947,
    "best_epoch": 28,
    "time": 518.8
  },
  "prescribed_dim3_seed42": {
    "best_val_loss": 4.900875460487186e-05,
    "best_epoch": 25,
    "time": 181.0
  },
  "free_dim3_seed42": {
    "best_val_loss": 0.00868902566532294,
    "best_epoch": 30,
    "time": 523.5
  },
  "prescribed_dim3_seed123": {
    "best_val_loss": 4.271208774553726e-05,
    "best_epoch": 28,
    "time": 187.7
  },
  "free_dim3_seed123": {
    "best_val_loss": 0.009356820081736435,
    "best_epoch": 29,
    "time": 518.1
  },
  "prescribed_dim3_seed777": {
    "best_val_loss": 2.032314379201189e-05,
    "best_epoch": 30,
    "time": 186.9
  },
  "free_dim3_seed777": {
    "best_val_loss": 0.006677604898026115,
    "best_epoch": 30,
    "time": 508.8
  }
}