{
  "config": {
    "seeds": [
      42,
      123,
      777
    ],
    "episodes": 200,
    "epochs": 30,
    "dims": [
      1,
      2,
      3,
      4,
      5,
      7,
      11
    ],
    "predictor": "max(128, dim*8)",
    "note": "\u041f2 resolution: same params as Tier 3"
  },
  "results": {
    "prescribed_dim1_seed42": 2.476484999836733e-05,
    "free_dim1_seed42": 0.0015662750792934707,
    "prescribed_dim1_seed123": 6.47525496006302e-05,
    "free_dim1_seed123": 0.0031096677279524635,
    "prescribed_dim1_seed777": 2.1929297547199224e-05,
    "free_dim1_seed777": 0.00204242736125659,
    "prescribed_dim2_seed42": 6.041851202896571e-06,
    "free_dim2_seed42": 0.009298609363797464,
    "prescribed_dim2_seed123": 3.880033370494443e-06,
    "free_dim2_seed123": 0.008439238653763344,
    "prescribed_dim2_seed777": 4.060664953118376e-06,
    "free_dim2_seed777": 0.007705133133812955,
    "prescribed_dim3_seed42": 4.5972984509334265e-05,
    "free_dim3_seed42": 0.008136172184165109,
    "prescribed_dim3_seed123": 4.26396601445352e-05,
    "free_dim3_seed123": 0.008987602215717759,
    "prescribed_dim3_seed777": 2.035287429942145e-05,
    "free_dim3_seed777": 0.007721695898656259,
    "prescribed_dim4_seed42": 0.00016110528887478275,
    "free_dim4_seed42": 0.01968180284949771,
    "prescribed_dim4_seed123": 0.00017953581828215534,
    "free_dim4_seed123": 0.01807639208017734,
    "prescribed_dim4_seed777": 0.00014286877305590007,
    "free_dim4_seed777": 0.017339217525563742,
    "prescribed_dim5_seed42": 0.00032244045797964196,
    "free_dim5_seed42": 0.023911103972217494,
    "prescribed_dim5_seed123": 0.0004827544332089785,
    "free_dim5_seed123": 0.02121600638748261,
    "prescribed_dim5_seed777": 0.0002778337832352375,
    "free_dim5_seed777": 0.02665462094571507,
    "prescribed_dim7_seed42": 0.0004726838389934416,
    "free_dim7_seed42": 0.02616029820290574,
    "prescribed_dim7_seed123": 0.0005728589740516454,
    "free_dim7_seed123": 0.02586751272411723,
    "prescribed_dim7_seed777": 0.00043707025592754545,
    "free_dim7_seed777": 0.03201916058335388,
    "prescribed_dim11_seed42": 0.0007994942222068315,
    "free_dim11_seed42": 0.03085690359666682,
    "prescribed_dim11_seed123": 0.0007093020906802594,
    "free_dim11_seed123": 0.027052687559472887,
    "prescribed_dim11_seed777": 0.0006885390977881718,
    "free_dim11_seed777": 0.03361778812188851
  }
}