{
  "prescribed": {
    "best_vp": 0.0008835087200682408,
    "best_ep": 42,
    "params": 20038
  },
  "free_cnn": {
    "best_vp": 0.013046069198567206,
    "best_ep": 7,
    "params": 744425
  },
  "ratio": 14.766203097078147
}